"id (S)","boardId (S)","createdAt (S)","description (S)","resource (S)","title (S)","topic (S)"
"91549be8-c9d3-457b-a8f1-991e62306e4e","02e36c2a-425d-4c49-b090-b8b2195612b9","2016-02-02T21:50:39.775Z","Dictator of the country that shall not be named, inquired your assistance:  database containing inventory of nation's war machines has been scrambled. The annual parade of military might is coming up. It serves as a double edged sword: prevents dissidents from getting any ideas of possible rebellion and instill faith in supreme leader. Fix the database to keep the citizens in the eternal servitude.","https://upload.wikimedia.org/wikipedia/commons/thumb/f/ff/Bundesarchiv_Bild_101I-635-3966-27,_Panzerfabrik_in_Deutschland.jpg/250px-Bundesarchiv_Bild_101I-635-3966-27,_Panzerfabrik_in_Deutschland.jpg","Dictator's Ordeal","Military"
"3cf5c9b7-4415-443c-943b-fbea79970fa1","22f8fdab-4e97-45e3-b551-178f5d904f34","2016-01-29T00:21:50.222Z","In the zoo, under shadow of the night, a handful of animals have committed a grizzly crime. An exotic African rooster has been found murdered and mutilated. Other animals are too afraid to cooperate with authorities. Identify the perpetrators by solving an elaborate maze of hints left at the crime scene.","https://pbs.twimg.com/media/Bsn0kR7IIAEfePM.jpg","Bad Animals","Animals"
"e0a3e0f0-cdb2-4547-b043-c8f6a6e27966","fe190127-ea12-4828-8c32-155b5cb30c40","2016-02-08T06:57:03.283Z","Why waste money in the grocery store? Nature is your kitchen. Search the forest for nutrients and cook something (or someone) nice.","http://thehungariangirl.com/wp-content/uploads/2009/07/oldgoulash.jpg","Cooking Up","Forest"
"a6af432d-750c-4a61-b371-99428554bc28","0fbb8d90-f6a0-4de0-826a-01d7c336c284","2016-01-29T02:34:24.614Z","Someone is causing havok by scrambling the names of precious stones and confusing the customers. It is up to you to stop this quaker and reinstitute the order.","http://gemologyonline.com/GO_images/tourmaline2.jpg","Renegade gemologist","Gemstones"
"42449298-72e7-4d5a-96d3-0c05a86aa774","c72f2429-0c06-40dc-b9b7-098c7b543e5d","2016-02-07T02:22:34.730Z","14 year old boy Jack has been having too much of free time on his hands lately. The after school math camp is over and now Jack needs some gentle parental guidance to fill that personal time void between school and evening Piano lessons. Jack's parents are now brainstorming about potential sports that they could involunteraly sign up their son for. Get in that brainstorm and help them figure out what their options are.","http://youthministrytestpilot.com/wp-content/uploads/2012/05/parents-relationship-lg.jpeg","Helicopter's sportsmanship ","Sports"
"1c36813f-a56a-43b0-a8cb-da5da8738092","23c96209-ffa0-453c-9ff8-2cf46d0c102a","2016-02-06T17:28:56.384Z","It's 12:42AM, bar is full of patrons, most of them are drunk. Nevertheless, they keep ordering drinks, and it is your job to decode these orders made in a drunken stupor. No one shall leave thirsty tonight!","http://bartenderland.com/wp-content/uploads/2015/09/65.jpg","Bartender","Beverages"
"cc3f0389-170d-4e71-9741-c026a05f4193","79e4269e-5924-456e-a2bc-dda17b3b699a","2016-02-10T17:26:52.489Z","Can you name some of the technology that we use? ","http://blog.investis.com/en/wp-content/uploads/2011/10/Old-Technology-Old-Job-Title-e1319037147788.jpg","Der Roboter","technology"
